metric_group,mean_dice,mean_iou
class_0,0.9981256229911654,0.9962718965692328
class_1,0.2526430284656111,0.18328647327309575
class_2,0.48262897596786136,0.38313428612302736
class_3,0.26827532652513136,0.184968801487494
tumor_classes_1_2_3_all_test_slices,0.3431395590474202,0.26548315622096524
tumor_classes_1_2_3_tumor_slices_only,0.39170227368105176,0.30305556891362656
