section,class_id,class_description,dice,iou,tp,fp,fn,tn,n_pred,n_ref
foreground_mean,foreground,Mean across foreground classes/regions reported by nnU-Net,0.7719782219248238,0.6698959980273257,28239.762711864405,4676.971751412429,5634.056497175141,8889449.209039547,32916.734463276836,33873.81920903955
class_mean,1,Class 1 / BraTS original label 1,0.6907373549677361,0.5787889384130765,15729.406779661016,3370.1525423728813,5243.745762711865,8903656.694915254,19099.5593220339,20973.15254237288
class_mean,2,Class 2 / BraTS original label 2,0.8072477834151157,0.703985055894455,49431.15254237288,8065.728813559322,9021.694915254237,8861481.423728814,57496.8813559322,58452.84745762712
class_mean,3,Class 3 / BraTS original label 4 remapped to 3,0.8179495273916199,0.7269139997744458,19558.728813559323,2595.0338983050847,2636.728813559322,8903209.508474575,22153.762711864405,22195.457627118645
