num_test_patients,patch_size,stride,condition,mean_whole_tumor_dice,std_whole_tumor_dice,mean_whole_tumor_iou,std_whole_tumor_iou,mean_dice_class_1,mean_dice_class_2,mean_dice_class_3,mean_iou_class_1,mean_iou_class_2,mean_iou_class_3,mean_true_tumor_voxels,mean_pred_tumor_voxels,total_elapsed_minutes
74,"(96, 96, 96)","(64, 64, 64)",clean,0.3863730072531924,0.18438119510401413,0.25592299939529956,0.14749716048255257,0.2606993179876096,0.30189024591196195,0.3157296883979912,0.16732597984378764,0.1944527079809336,0.21052031405368685,99706.22972972973,400143.3108108108,1.6861262957255045
