region,mean_dice,sd_dice,n
WT,0.8961511619018449,0.0720115854212789,74
TC,0.8469577593017942,0.14238063252748845,74
ET,0.7417034188924315,0.2640820427758855,74
