metric_group,mean_dice,mean_iou
class_0,0.9973419255873245,0.9947320083039226
class_1,0.10585271028502001,0.0676426937842493
class_2,0.4217615738646215,0.32905663659378653
class_3,0.03306648309298465,0.018664232333286988
tumor_classes_1_2_3_all_test_slices,0.2408793775643157,0.18609300827619965
tumor_classes_1_2_3_tumor_slices_only,0.26710651081942044,0.20635495898716033
