degradation_type,severity_level,severity_value,total_slices,tumor_slices,background_slices,elapsed_seconds,class_0_dice,class_0_iou,class_1_dice,class_1_iou,class_2_dice,class_2_iou,class_3_dice,class_3_iou,mean_tumor_dice_all_slices,mean_tumor_iou_all_slices,mean_tumor_dice_tumor_slices_only,mean_tumor_iou_tumor_slices_only,clean_reference_tumor_dice,dice_drop_from_clean,clean_reference_tumor_iou,iou_drop_from_clean
blur,1,0.5,200,115,85,1.1314938068389893,0.9976910287294513,0.9954103079968115,0.21121848250169828,0.15521949762129503,0.45492993488530575,0.3579167661924812,0.28247417013606385,0.19526261008477552,0.32255647629618267,0.24879933874962878,0.37304354364860076,0.2877418106599776,0.3917022736810517,0.018658730032450943,0.3030555689136265,0.01531375825364889
blur,3,1.5,200,115,85,1.0914673805236816,0.9926867383303349,0.9856046216544415,0.10851485173328398,0.07202229230866626,0.2658268599568349,0.19238792842853297,0.1395556001832098,0.0888162787570246,0.15157569801261314,0.10536546390916345,0.22011425503530319,0.15300895855464144,0.3917022736810517,0.17158801864574852,0.3030555689136265,0.15004661035898506
blur,5,2.5,200,115,85,1.1093511581420898,0.9796938736560796,0.9606650532034215,0.07517748774041726,0.04774636602488829,0.16180748717352558,0.1050913780519075,0.0838145124633582,0.05063837756333032,0.09563746052769707,0.060838867778003465,0.15385155088534427,0.09787120602714151,0.3917022736810517,0.23785072279570743,0.3030555689136265,0.205184362886485
